employee_id,name,department,hire_date,salary,performance_rating,email,location,,
1305,Jane Young,Operations,05/04/2018,,3,jane.young@company.com, Chicago,,
1500,Barbara Thompson,hr,22/03/2019,"$53,879.00",2,barbara.thompson@company.com,chicago,,
1442, Lisa  Jones,Sales ,28/10/2015,,1,lisa.jones@company.com, Chicago,,
1154,lisa Williams,ENGINEERING,09/05/2017,,2,lisa.williams@company.com,boston,,
1448,Daniel Jackson,Human Resources,02/02/2016,73244,4,daniel.jackson@company.com,boston,,
1132,Karen Johnson,OPERATIONS,06/20/2022,"$43,190.00",3,karen.johnson@company.com,SF,,
1205,Linda Williams,hr,18/07/2020,62593,5,linda.williams@company.com,san francisco,,
1276,Andrew Martinez,H.R.,10/06/2016,77022,2,andrew.martinez@company.com,Chicago,,
1326,Patricia Jones,HR,05/20/2022,60792,3,patricia.jones@company.com,New York ,,
1248,Lisa Martin,hr,04/16/2020,58312,5,lisa.martin@company.com,New York,,
1466,James Hernandez,Operations,12/10/2019,67119,4,james.hernandez@company.com,Chicago,,
1354,Sarah Clark,Sales ,14/09/2017,45619,5,sarah.clark@company.com,SF,,
1290,Sarah Wilson,sales,26/06/2019,49871,1,sarah.wilson@company.com,CHICAGO,,
1085,Mary Young,finance,17/07/2021,105189,4,mary.young@company.com,chicago,,
1011,Susan Martinez,FINANCE,10/25/2017,117741,4,susan.martinez@company.com,BOSTON,,
,Daniel ANDERSON,OPERATIONS,16/11/2016,49758,,DANIEL.ANDERSON@COMPANY.COM,chicago,,
1079,Christopher Lopez,IT,26/02/2017,"$121,875.00",2,christopher.lopez@company.com,chicago,,
1031,Barbara Thompson,operations,26/03/2019,63709,3,barbara.thompson@company.com, Chicago,,
1185,Elizabeth Young,MARKETING,08/12/2022,"$80,344.00",2,elizabeth.young@company.com,NY,,
1196, Kevin  Moore, Sales ,05/09/2021,"$58,325.00",4,kevin.moore@company.com, New York,,
1223,Matthew White,HR,27/03/2015,76386,1,MATTHEW.WHITE@COMPANY.COM,New York ,,
1210, Kevin  Hernandez,ENGINEERING,01/02/2022,147015,2,,New York,,
1282,Richard Johnson,Sales,11/29/2024,"$54,172.00",1,,New York,,
1209,Jessica Martin,Fin,01/20/2021,67331,3,jessica.martin@company.com,New York ,,
1125,Joshua Rodriguez,hr,06/02/2018,"$58,505.00",,joshua.rodriguez@company.com,Austin,,
1251,Kevin Anderson,Eng,14/05/2019,124254,1,KEVIN.ANDERSON@COMPANY.COM, New York,,
1077,Daniel Johnson,Information Technology,07/19/2014,69046,5,daniel.johnson@company.com,AUSTIN,,
1383,Nancy White,Eng,07/03/2024,999999,2,nancy.white@company.com,Austin ,,
1343,Jane Robinson,Operations,20/09/2016,"$59,659.00",3,jane.robinson@company.com,New York ,,
1324, Daniel  Brown,ENGINEERING,10/05/2021,138732,4,daniel.brown@company.com, Chicago,,
1245,Joshua Wilson,Marketing,20/07/2015,80768,3,JOSHUA.WILSON@COMPANY.COM,austin,,
1332,Robert Martin, Sales ,15/01/2017,62519,1,robert.martin@company.com,austin,,
1141,Christopher Martinez,OPERATIONS,09/06/2014,49183,5,CHRISTOPHER.MARTINEZ@COMPANY.COM,san francisco,,
1010,Sarah Moore,Finance,15/04/2016,69360,4,SARAH.MOORE@COMPANY.COM,Boston,,
1073,Elizabeth Moore,Fin,13/09/2016,77579,4,elizabeth.moore@company.com, Chicago,,
1401,Karen Smith,SALES,22/12/2015,48519,,karen.smith@company.com, Chicago,,
1488,David Johnson,hr,13/07/2020,76734,2,,San Francisco,,
1226,Robert Jones,Fin,12/12/2018,,2,robert.jones@company.com,boston,,
1074, Kevin  Jones,Operations,31/05/2016,44178,5,kevin.jones@company.com,BOSTON,,
1178,Karen Lewis,Fin,18/09/2017,"$67,050.00",5,karen.lewis@company.com,AUSTIN,,
1404,Linda CLARK,finance,29/05/2014,70213,1,linda.clark@company.com,Austin ,,
1069,Barbara Johnson, Marketing,30/05/2018,87900,2,barbara.johnson@company,Austin ,,
,Barbara Rodriguez,Operations,16/11/2020,,4,barbara.rodriguez@company.com,chicago,,
1056,Nancy Anderson,Engineering,17/02/2016,137272,1,nancy.anderson@company.com,New York,,
1406,Jessica Gonzalez,HR,15/06/2018,67321,2,jessica.gonzalez@company.com,chicago,,
1299,daniel GONZALEZ,Information Technology,25/01/2017,61198,5,daniel.gonzalez@company.com, Chicago,,
1078, Robert  Martinez,Fin,27/07/2014,119627,2,robert.martinez@company.com,new york,,
1469,Susan Gonzalez,SALES,06/30/2018,92503,4,susan.gonzalez@company.com,AUSTIN,,
1318,Robert ANDERSON,finance,17/09/2024,,3,robert.anderson@company.com,boston,,
1476,Betty Williams,it,06/30/2024,"$78,198.00",1,betty.williams@company.com,san francisco,,
1091, Richard  Brown, Sales ,17/03/2015,69618,,richard.brown@company.com,Austin,,
1239,Patricia Moore,Information Technology,10/16/2023,"$107,139.00",2,patricia.moore@company.com,Chicago,,
1486,Charles Clark,Fin,12/09/2017,,3,charles.clark@company.com,AUSTIN,,
1064,Barbara Young,engineering,17/06/2017,72853,2,barbara.young@company.com,San Francisco,,
1458, William  Garcia,Marketing,20/12/2015,86321,1,william.garcia@company.com,san francisco,,
1071, Joshua  Lopez,marketing,16/02/2019,52968,1,joshua.lopez@company.com, Chicago,,
1003,John Martin, Marketing,21/09/2021,"$76,569.00",2,JOHN.MARTIN@COMPANY.COM,chicago,,
1288,Charles Williams,it,09/28/2021,"$128,674.00",4,charles.williams@company.com,San Fran,,
1342,Jessica Wilson,Marketing,07/09/2016,64801,5,jessica.wilson@company.com,Chicago,,
1138,Betty Hall,ENGINEERING,11/08/2019,140747,2,betty.hall@company.com,new york,,
1250, Lisa  Hernandez,hr,05/06/2021,"$65,507.00",2,lisa.hernandez@company.com,CHICAGO,,
1195,Susan Lewis,Engineering,05/11/2024,,4,susan.lewis@company.com,san francisco,,
1173,Nancy Brown, Marketing,12/05/2017,77284,4,nancy.brown@company.com,chicago,,
1083,Lisa Walker,IT,06/15/2023,"$83,590.00",3,lisa.walker@company.com,austin,,
1454,Susan Wilson,hr,14/05/2020,51769,1,susan.wilson@company.com,chicago,,
1319,Barbara Johnson,engineering,01/04/2022,"$135,826.00",4,barbara.johnson@company.com, New York,,
1034,Thomas Rodriguez, Marketing,16/01/2019,57353,4,thomas.rodriguez@company.com,NY,,
1427,Charles Rodriguez, Sales ,11/03/2021,49817,5,CHARLES.RODRIGUEZ@COMPANY.COM,New York ,,
1228,Jennifer Wilson,OPERATIONS,12/09/2018,65993,1,jennifer.wilson@company.com,boston,,
1001,Matthew White, Sales ,01/02/2019,65106,3,matthew.white@company.com, New York,,
1012,Jessica Hall,Operations,10/20/2020,48753,4,jessica.hall@company.com,AUSTIN,,
1238,William GONZALEZ,Finance,04/16/2019,72141,5,william.gonzalez@company.com,SF,,
1023,Charles Jones,Finance,20/06/2015,"$104,929.00",5,charles.jones@company.com,BOSTON,,
1105,Susan Garcia,Eng,20/04/2020,72979,3,susan.garcia@company.com,NY,,
1297,Barbara Gonzalez,finance,12/02/2022,101345,3,barbara.gonzalez@company.com,new york,,
1102,James Hall,Sales ,29/06/2018,92700,2,james.hall@company.com,CHICAGO,,
1080,Michael Young,hr,21/07/2019,"$47,079.00",4,michael.young@company.com,NY,,
1430,Charles Smith,IT,07/17/2019,80214,2,charles.smith@company.com,BOSTON,,
1432,Jane Hernandez,operations,11/07/2024,"$50,110.00",5,jane.hernandez@company.com,boston,,
1019,john Young, Sales ,27/08/2023,75856,3,john.young@company.com,San Francisco,,
1177,Emily Harris,Ops,17/02/2018,64671,3,emily.harris@company.com,Boston,,
1232,Andrew Harris,I.T.,15/04/2016,97101,2,ANDREW.HARRIS@COMPANY.COM,Austin ,,
1003,John Martin, Marketing,21/09/2021,"$76,569.00",2,JOHN.MARTIN@COMPANY.COM,chicago,,
1133,william WALKER,hr,08/14/2015,61038,2,william.walker@company.com,SF,,
1040,Andrew Walker,operations,08/08/2024,50783,4,andrew.walker@company.com,austin,,
1465, lisa  Hernandez,FINANCE,18/10/2018,74126,4,lisa.hernandez@company.com,austin,,
1047,David Johnson, Sales ,15/09/2023,91983,2,david.johnson@company.com,New York,,
1358,Barbara Rodriguez,Human Resources,22/08/2021,73436,4,barbara.rodriguez@company.com, Chicago,,
1278,Christopher Lewis,OPERATIONS,04/04/2020,70200,1,christopher.lewis@company.com,Boston,,
1363,james Lee, Marketing,04/03/2020,"$84,613.00",3,,San Francisco,,
1094,Matthew MOORE, Marketing,24/11/2023,58715,4,matthew.moore@company.com,chicago,,
1447,Lisa GONZALEZ,MARKETING,22/01/2022,62280,2,lisa.gonzalez@company.com,san francisco,,
1204,Mary Wilson,Information Technology,30/07/2014,66755,,mary.wilson@company.com,boston,,
1451,Elizabeth Smith,FINANCE,12/10/2017,91355,5,elizabeth.smith@company.com,New York,,
1149,Matthew Miller,Finance,03/09/2015,94185,3,matthew.miller@company.com, Chicago,,
1221,Mary Hernandez,Information Technology,08/19/2024,,3,mary.hernandez@company.com,San Fran,,
1070,Mary Robinson,hr,02/09/2019,500000,2,mary.robinson@company.com,San Fran,,
1254,Michael Thompson,Human Resources,09/07/2017,59501,1,michael.thompson@company.com,Austin ,,
1399, Betty  Jackson,FINANCE,23/11/2023,103854,3,betty.jackson@company.com,new york,,
1168,Charles Rodriguez,Finance,19/09/2019,118720,5,charles.rodriguez@company.com,Chicago,,
1276,Andrew Martinez,H.R.,10/06/2016,77022,2,andrew.martinez@company.com,Chicago,,
1294,William Miller,it,14/04/2020,"$78,021.00",2,william.miller@company.com,AUSTIN,,
1281,Mary Smith,ENGINEERING,23/07/2024,92185,4,mary.smith@company.com,san francisco,,
1321,Jessica Davis, Sales ,11/19/2017,"$56,748.00",4,jessica.davis@company.com,Austin,,
1330,Karen Taylor,HR,15/04/2023,61542,1,karen.taylor@company.com,Chicago,,
1174,Sarah Martin,Operations,04/30/2019,66755,1,sarah.martin@company.com,New York ,,
1273,Robert Clark,Sales,07/06/2019,87900,1,robert.clark@company.com,new york,,
1496,Mary Jones,FINANCE,25/08/2016,95414,,mary.jones@company.com,CHICAGO,,
1183,Richard Brown,Sales,07/18/2020,64709,4,richard.brown@company.com,boston,,
1269,Charles Martin,marketing,05/01/2023,87341,4,charles.martin@company.com,New York,,
1353,Nancy Rodriguez,Finance,08/20/2018,96729,6,nancy.rodriguez@company.com,New York ,,
1118,Betty Wilson,sales,27/12/2020,57352,2,betty.wilson@company.com,SF,,
1394,Emily Robinson,Engineering,02/06/2014,120311,4,,SF,,
1333,Sarah Hernandez,finance,06/18/2024,"$107,096.00",1,sarah.hernandez@company.com,Boston,,
1456,Daniel WALKER,HR,29/06/2022,50873,1,daniel.walker@company.com,san francisco,,
1445, Kevin  Smith,Ops,09/04/2021,48683,4,kevin.smith@company.com,AUSTIN,,
1357,Robert Lee,Marketing,16/02/2015,82758,2,robert.lee@company.com,Chicago,,
1087,Nancy Miller,Eng,16/03/2017,119081,5,NANCY.MILLER@COMPANY.COM,Austin ,,
1439,michael Robinson, Sales ,26/01/2023,65202,3,michael.robinson@company.com,Boston,,
1076,Jennifer Jones,Fin,16/12/2017,58948,4,jennifer.jones@company.com,chicago,,
1452,Michael Williams,OPERATIONS,13/11/2022,73583,5,michael.williams@company.com,Austin ,,
1016,Daniel Jones,it,01/21/2022,108971,2,daniel.jones@company.com,Austin ,,
1211,Jessica Thompson,HR,13/12/2020,81624,4,jessica.thompson@company.com,NY,,
1181,Elizabeth Martin,finance,27/12/2024,110662,4,elizabeth.martin@company, New York,,
1398,James Clark,Information Technology,09/08/2018,125639,3,james.clark@company.com,Boston,,
1020,Michael Brown,Fin,11/15/2017,104633,1,MICHAEL.BROWN@COMPANY.COM,Boston,,
1073,Elizabeth Moore,Fin,13/09/2016,77579,4,elizabeth.moore@company.com, Chicago,,
1341,Nancy Taylor,Sales ,31/07/2020,90694,5,nancy.taylor@company.com,boston,,
1057,Jennifer Moore,Sales,07/23/2022,72225,3,jennifer.moore@company.com,Boston,,
1279,Robert Miller,Finance,07/05/2017,"$66,025.00",5,robert.miller@company.com,boston,,
1468,David YOUNG,it,12/22/2014,71101,1,david.young@company,CHICAGO,,
1044,Linda Wilson,Information Technology,09/09/2018,75235,1,linda.wilson@company.com,Boston,,
1155,Jessica Clark,ENGINEERING,11/06/2024,"$138,321.00",2,jessica.clark@company.com,BOSTON,,
1026,Barbara Martin,hr,11/10/2019,50365,2,barbara.martin@company.com,AUSTIN,,
1266,Barbara Taylor,engineering,01/31/2022,113236,1,barbara.taylor@company.com,NY,,
1043,Christopher Lee, Sales ,25/11/2020,73956,5,christopher.lee@company.com,Boston,,
1313,Charles Davis,IT,09/01/2023,62192,2,charles.davis@company.com,BOSTON,,
1413,robert Walker,hr,10/13/2023,74527,4,robert.walker@company.com,san francisco,,
1457,Charles Anderson,H.R.,02/03/2016,68194,4,CHARLES.ANDERSON@COMPANY.COM,chicago,,
1285,Jennifer Martin,Ops,29/03/2017,"$52,061.00",4,jennifer.martin@company.com,chicago,,
1127,Andrew Lewis,I.T.,11/30/2022,73224,1,andrew.lewis@company.com, Chicago,,
1335,Susan Young,H.R.,22/10/2021,50178,1,susan.young@company.com,Boston,,
1032,Linda Lee,I.T.,17/05/2015,70237,3,linda.lee@company.com,BOSTON,,
1114,emily HALL,Fin,28/07/2022,"$85,187.00",1,emily.hall@company.com,Chicago,,
,Patricia Taylor,FINANCE,11/12/2015,56062,2,patricia.taylor@company.com,Austin ,,
1219,Nancy Thompson,HR,10/05/2014,57453,1,nancy.thompson@company.com,New York,,
1417,Daniel Moore,SALES,03/06/2014,81243,3,daniel.moore@company.com, New York,,
1058,Elizabeth White,I.T.,10/15/2015,119873,1,elizabeth.white@company.com,New York,,
1397,Richard Young,H.R.,19/12/2015,"$50,139.00",2,RICHARD.YOUNG@COMPANY.COM,San Francisco,,
1025,John Martinez,hr,26/02/2018,84047,1,john.martinez@company.com,chicago,,
1018,Jane Brown,ENGINEERING,27/03/2022,141989,5,jane.brown@company.com,Chicago,,
1193,Jessica Taylor,finance,04/28/2019,80455,,jessica.taylor@company.com, New York,,
1067,Richard Jones,H.R.,01/04/2015,"$45,197.00",5,RICHARD.JONES@COMPANY.COM,Austin,,
1287,Kevin CLARK,Ops,04/29/2016,43849,1,kevin.clark@company.com,New York,,
1423,Jane Young,Human Resources,30/05/2024,50616,-1,jane.young@company.com,austin,,
1095,Joshua Young,Information Technology,12/19/2016,"$105,582.00",3,joshua.young@company.com,boston,,
1312,Michael Wilson,MARKETING,02/09/2022,50776,5,michael.wilson@company.com,BOSTON,,
1369,Thomas Martinez,sales,06/26/2024,76162,5,thomas.martinez@company.com,Austin ,,
1024,Elizabeth Rodriguez,Ops,13/07/2022,56217,4,elizabeth.rodriguez@company.com,Chicago,,
1272, Linda  Robinson,Finance,03/11/2020,"$91,086.00",5,LINDA.ROBINSON@COMPANY.COM,San Fran,,
1300,Lisa DAVIS, Marketing,24/03/2017,"$64,334.00",5,lisa.davis@company.com,CHICAGO,,
1374,Sarah Young,Engineering,04/18/2021,141176,5,sarah.young@company.com, Chicago,,
1006,Lisa Taylor,ENGINEERING,12/06/2018,85389,2,lisa.taylor@company.com,Austin ,,
1117,James Hall,Fin,04/04/2023,73064,3,james.hall@company.com,San Fran,,
1046,James RODRIGUEZ,Information Technology,18/10/2024,86922,3,JAMES.RODRIGUEZ@COMPANY.COM,Austin,,
1186,Thomas Jackson,engineering,30/01/2024,77552,1,thomas.jackson@company.com,Boston,,
1017,Linda Rodriguez,Marketing,07/31/2017,77252,5,linda.rodriguez@company.com,CHICAGO,,
1478,John Smith,Eng,28/01/2014,109469,,john.smith@company.com,AUSTIN,,
1368,Michael White,HR,04/28/2021,82144,4,michael.white@company.com,NY,,
1004,Jessica Lewis,H.R.,09/03/2014,,5,jessica.lewis@company.com,San Francisco,,
1235, Betty  Martin, Sales ,09/10/2022,79973,1,betty.martin@company.com,Austin ,,
1385,Emily Williams,hr,01/02/2015,50042,5,emily.williams@company.com,chicago,,
1061,Jane SMITH,hr,28/03/2019,81621,3,jane.smith@company.com,austin,,
1111,Barbara Smith,Eng,02/05/2018,119712,3,barbara.smith@company.com,Chicago,,
1410,Christopher Martinez,Engineering,07/03/2024,112778,3,christopher.martinez@company.com,Austin ,,
1421,Jessica Lewis, Marketing,04/10/2020,88395,3,jessica.lewis@company.com,chicago,,
1030,christopher Miller,Fin,17/09/2016,101122,4,CHRISTOPHER.MILLER@COMPANY.COM,NY,,
1275,Barbara Thompson,Sales,26/09/2024,"$61,864.00",5,barbara.thompson@company.com,AUSTIN,,
1303,Christopher White,Finance,08/03/2021,79458,5,christopher.white@company.com,Chicago,,
1027,Robert Miller,OPERATIONS,19/04/2020,"$74,439.00",4,robert.miller@company.com,new york,,
1008,David Thompson,ENGINEERING,07/06/2019,118174,1,DAVID.THOMPSON@COMPANY.COM,NY,,
1182,Michael TAYLOR,engineering,09/03/2018,99536,3,michael.taylor@company.com,san francisco,,
1022,Lisa Moore,Engineering,22/06/2018,98627,1,lisa.moore@company.com,BOSTON,,
1109,Matthew Young,Engineering,28/03/2017,125591,1,matthew.young@company.com,NY,,
1038,Nancy Young,Engineering,27/07/2014,"$96,497.00",4,nancy.young@company.com,New York ,,
1158,James LEE,Eng,10/28/2015,109387,3,james.lee@company.com,Austin,,
1482,sarah Lopez,operations,04/01/2019,44146,4,sarah.lopez@company.com, New York,,
1119,Matthew Lewis,Fin,18/08/2021,116434,5,matthew.lewis@company,san francisco,,
1115,Thomas HERNANDEZ,operations,02/03/2020,62685,5,thomas.hernandez@company.com,boston,,
1267,Emily Thompson,OPERATIONS,08/20/2021,"$55,074.00",1,emily.thompson@company.com,CHICAGO,,
1176, matthew  Lopez,engineering,03/10/2014,109306,5,matthew.lopez@company.com,CHICAGO,,
1422,William Martin,engineering,16/03/2015,,4,william.martin@company.com,Boston,,
1350,Jessica Walker,OPERATIONS,11/08/2016,"$76,221.00",,jessica.walker@company.com,San Francisco,,
1145,Patricia Davis,Finance,07/01/2023,"$108,463.00",3,patricia.davis@company.com,Boston,,
1381,Betty White,operations,30/03/2021,53576,3,betty.white@company.com,Austin ,,
1392,kevin Johnson,ENGINEERING,15/07/2023,140852,2,KEVIN.JOHNSON@COMPANY.COM,SF,,
1212, James  Walker,HR,08/09/2022,59222,4,james.walker@company.com,chicago,,
1322,Betty Hall,HR,12/05/2024,52013,1,betty.hall@company.com,San Fran,,
1495,Jennifer Martin,ENGINEERING,08/10/2021,147831,5,JENNIFER.MARTIN@COMPANY.COM,CHICAGO,,
1285,Jennifer Martin,Ops,29/03/2017,"$52,061.00",4,jennifer.martin@company.com,chicago,,
1142,William Robinson, Marketing,16/07/2015,83023,3,william.robinson@company.com,boston,,
1377,Barbara Jones,IT,10/23/2024,64312,,barbara.jones@company.com,NY,,
1068,Michael Moore,operations,07/08/2024,54280,2,michael.moore@company.com,austin,,
1409,Susan Lopez,finance,03/02/2016,80998,1,, Chicago,,
1169,Patricia Garcia,Information Technology,21/12/2019,,4,patricia.garcia@company.com,AUSTIN,,
1202,William Miller,operations,21/07/2016,46059,,william.miller@company.com,new york,,
1434,Michael Thompson,Engineering,18/07/2023,"$111,507.00",1,michael.thompson@company.com,Austin ,,
1229,Andrew Thompson, Sales ,13/09/2015,"$60,684.00",1,andrew.thompson@company.com, New York,,
1194,Sarah Hall, Marketing,23/12/2016,"$65,915.00",2,sarah.hall@company.com,CHICAGO,,
1082,Susan Lewis,Human Resources,24/11/2023,"$71,795.00",4,SUSAN.LEWIS@COMPANY.COM,New York ,,
1110,Emily Wilson,it,29/10/2014,"$129,721.00",4,emily.wilson@company.com,chicago,,
1429,Nancy Thomas,FINANCE,18/11/2019,"$72,561.00",1,nancy.thomas@company.com,boston,,
1146,Richard Davis,Engineering,04/25/2019,145511,0,richard.davis@company.com,san francisco,,
1093, Thomas  CLARK,Human Resources,07/03/2015,80343,,thomas.clark@company.com, Chicago,,
1153, David  Walker,finance,07/27/2015,112426,1,david.walker@company.com,austin,,
1480,Elizabeth Moore,Sales,21/04/2018,"$77,317.00",4,elizabeth.moore@company.com,Chicago,,
1249,Jane Lee,Human Resources,08/24/2017,69294,3,jane.lee@company.com,Austin,,
1084,Andrew Johnson,Operations,03/05/2021,48875,1,andrew.johnson@company.com,Boston,,
1104,Betty Walker,it,05/24/2020,60455,5,betty.walker@company.com,Austin ,,
1166,Lisa Brown,sales,09/09/2019,"$77,481.00",3,lisa.brown@company.com,New York ,,
1164,richard Hernandez, Marketing,08/28/2020,77997,,richard.hernandez@company,San Francisco,,
1200,Andrew Harris,operations,27/06/2020,69477,5,andrew.harris@company.com,SF,,
1246,Karen Lewis,Information Technology,26/10/2019,101973,,karen.lewis@company.com,boston,,
1075,Nancy Wilson,engineering,17/07/2020,140931,2,nancy.wilson@company.com,boston,,
1317,Patricia Taylor,I.T.,24/03/2017,"$97,576.00",4,patricia.taylor@company.com, New York,,
1230,Emily Gonzalez,MARKETING,19/08/2018,86181,3,emily.gonzalez@company.com,New York ,,
1485,Robert WILLIAMS,Finance,09/12/2024,73085,4,robert.williams@company.com, New York,,
1120,Christopher Thompson,marketing,07/11/2020,57395,3,christopher.thompson@company.com,new york,,
1387,Patricia Wilson,it,09/06/2020,81292,1,patricia.wilson@company.com,BOSTON,,
1443,Richard Martin,H.R.,14/03/2022,"$62,679.00",1,richard.martin@company.com,san francisco,,
1262,David Garcia,Information Technology,22/12/2017,114732,1,david.garcia@company.com,chicago,,
1365,Lisa Rodriguez,Human Resources,02/06/2024,47788,3,lisa.rodriguez@company.com,Chicago,,
1412,David Gonzalez,IT,15/10/2024,,4,david.gonzalez@company.com,New York,,
1336,linda ANDERSON,Ops,17/01/2017,64448,3,linda.anderson@company.com,chicago,,
1263,David Thompson,Marketing,31/07/2021,69345,2,david.thompson@company.com, Chicago,,
1481,Daniel Johnson,Engineering,22/08/2016,"$89,127.00",5,daniel.johnson@company.com,Austin,,
1419,Barbara Harris,engineering,07/05/2017,126603,,barbara.harris@company.com,austin,,
1395,Richard Wilson, Sales ,29/03/2024,"$94,519.00",4,richard.wilson@company.com,NY,,
1281,Mary Smith,ENGINEERING,23/07/2024,92185,4,mary.smith@company.com,san francisco,,
1037,Karen RODRIGUEZ,Information Technology,02/01/2015,126255,5,karen.rodriguez@company.com,Chicago,,
1197,Barbara Thompson,sales,12/10/2022,66644,3,BARBARA.THOMPSON@COMPANY.COM,Chicago,,
1140,Kevin Lopez,H.R.,05/07/2014,48699,2,kevin.lopez@company.com,CHICAGO,,
1376,Matthew Williams,sales,06/24/2022,88129,1,matthew.williams@company.com,san francisco,,
1494,Lisa Smith,Eng,01/12/2018,134985,,lisa.smith@company.com,AUSTIN,,
1292, Lisa  Lee,Marketing,05/20/2019,50418,3,lisa.lee@company.com,Austin ,,
1284,Matthew Thomas,Engineering,08/25/2022,134004,4,matthew.thomas@company.com,new york,,
1060,Karen Moore,it,10/10/2019,67567,3,karen.moore@company.com,New York ,,
1473,William Wilson,I.T.,30/07/2015,82227,5,william.wilson@company.com,SF,,
1112,Jessica Garcia,engineering,28/08/2019,"$100,102.00",1,jessica.garcia@company.com,SF,,
1090,Sarah Thompson,IT,07/03/2023,109479,4,sarah.thompson@company.com,New York,,
1418,jessica Harris,marketing,07/02/2014,,2,jessica.harris@company.com, Chicago,,
1007,Lisa Smith,Information Technology,30/08/2018,98671,4,lisa.smith@company.com,San Fran,,
1372,nancy HERNANDEZ,HR,03/05/2019,49872,5,nancy.hernandez@company.com, Chicago,,
1355,Lisa Davis,it,17/01/2022,82463,5,,NY,,
1347,Sarah Young,Finance,16/12/2019,81560,4,SARAH.YOUNG@COMPANY.COM,AUSTIN,,
1159,Jessica Taylor,Eng,05/29/2018,106064,1,jessica.taylor@company.com,Austin,,
1151,David HERNANDEZ,hr,07/01/2024,"$60,525.00",1,david.hernandez@company.com,SF,,
1393,Jane Miller,Eng,03/07/2024,113480,4,jane.miller@company.com,NY,,
1039,John Hall,IT,04/03/2017,79641,3,john.hall@company.com,New York ,,
1323,Kevin Walker,operations,17/12/2018,46312,3,kevin.walker@company.com,Austin ,,
1199,james Harris,engineering,15/09/2022,80363,6,james.harris@company.com,chicago,,
1450,Jane Thompson,ENGINEERING,06/04/2022,143005,2,jane.thompson@company.com,NY,,
1147,Kevin Smith,hr,10/29/2019,65899,3,kevin.smith@company.com,austin,,
1405,Christopher Jackson,Human Resources,19/05/2023,"$49,981.00",2,christopher.jackson@company.com,Chicago,,
1148,Betty Thompson,FINANCE,02/15/2019,92845,4,betty.thompson@company.com,San Francisco,,
1315,James Lewis,FINANCE,04/04/2017,"$102,329.00",4,JAMES.LEWIS@COMPANY.COM,Austin,,
1490,Jennifer Smith,MARKETING,04/06/2020,73666,2,jennifer.smith@company.com,Boston,,
,william Davis,Human Resources,02/01/2015,"$60,772.00",3,william.davis@company.com,AUSTIN,,
1403,Mary Young,I.T.,24/04/2024,"$117,290.00",,MARY.YOUNG@COMPANY.COM,AUSTIN,,
1097,Emily Wilson,FINANCE,07/02/2018,66696,3,emily.wilson@company.com,austin,,
1144,Matthew Walker,operations,26/09/2017,55346,,matthew.walker@company.com,Chicago,,
1240,John Robinson,HR,07/07/2023,78607,2,john.robinson@company.com,boston,,
1407,Karen Thomas,Sales ,02/11/2022,84660,5,karen.thomas@company.com,San Fran,,
1098,jennifer Martin,FINANCE,26/07/2022,90209,2,JENNIFER.MARTIN@COMPANY.COM, New York,,
1361,Linda Taylor,hr,22/01/2014,82083,3,linda.taylor@company.com,new york,,
1123,Susan Lewis,OPERATIONS,07/12/2024,41025,5,susan.lewis@company.com,austin,,
1184,richard Gonzalez,I.T.,14/06/2017,"$78,920.00",1,richard.gonzalez@company.com,CHICAGO,,
1203,Sarah Lopez,Information Technology,02/02/2022,,1,sarah.lopez@company.com,CHICAGO,,
1247,Mary Jackson,finance,29/04/2016,114921,2,mary.jackson@company.com,san francisco,,
1483,Michael Davis,ENGINEERING,15/06/2022,91916,5,,NY,,
1306,Lisa Clark, Marketing,01/18/2024,"$81,972.00",4,lisa.clark@company.com,boston,,
1362,Emily Thomas,Eng,10/25/2024,82499,5,emily.thomas@company.com,austin,,
1308,kevin Clark,Information Technology,05/06/2018,60866,5,kevin.clark@company.com,Boston,,
1408,Barbara Smith,Marketing,23/07/2019,-5000,1,,san francisco,,
1291,Lisa Young,operations,22/07/2017,43179,1,lisa.young@company.com, Chicago,,
1126,Andrew Garcia,finance,03/09/2018,59409,1,andrew.garcia@company.com,new york,,
1311,William Clark,sales,15/09/2024,71957,1,william.clark@company.com,san francisco,,
1224,Charles Martinez,H.R.,21/02/2016,60898,4,charles.martinez@company.com,new york,,
1441,Nancy Hall,IT,16/09/2017,,3,nancy.hall@company.com,Austin ,,
1220,Matthew Wilson,Sales,06/03/2020,"$93,593.00",4,MATTHEW.WILSON@COMPANY.COM,Chicago,,
1130,Joshua Gonzalez,Human Resources,12/07/2024,74257,1,joshua.gonzalez@company.com,austin,,
1433,charles Thompson,marketing,04/07/2015,75534,1,charles.thompson@company.com,boston,,
1491,Kevin Davis,Human Resources,16/02/2014,61495,1,kevin.davis@company.com,AUSTIN,,
1337,jennifer Martin,engineering,17/07/2015,123218,2,jennifer.martin@company.com,Boston,,
1389,Robert Moore,Sales,01/01/2020,60759,1,robert.moore@company.com,AUSTIN,,
1298,Lisa THOMAS,operations,03/02/2022,49897,5,lisa.thomas@company.com,SF,,
1366,nancy Anderson,OPERATIONS,10/09/2015,55057,5,nancy.anderson@company.com,CHICAGO,,
1302,Michael Lee,Sales,06/06/2020,74885,4,michael.lee@company.com, Chicago,,
1295,John White,Information Technology,06/21/2024,90334,,john.white@company.com,Boston,,
1378,joshua Jones,Marketing,22/03/2017,61754,3,joshua.jones@company.com,New York ,,
1349, richard  HARRIS,I.T.,26/02/2021,109436,3,richard.harris@company.com,New York,,
1113,Lisa Harris,ENGINEERING,01/19/2019,999999,5,lisa.harris@company.com,san francisco,,
1180,Linda Wilson,finance,25/03/2015,70792,1,linda.wilson@company.com,BOSTON,,
1453,Linda Lee,engineering,23/04/2017,123483,3,linda.lee@company.com,San Francisco,,
1348,Jane Garcia,SALES,13/07/2016,69855,1,jane.garcia@company.com,SF,,
1339,linda Harris,Engineering,11/26/2020,"$144,055.00",1,linda.harris@company.com,chicago,,
1498,Thomas Jones,Finance,28/06/2021,85006,3,thomas.jones@company.com,SF,,
1371,Nancy Rodriguez,ENGINEERING,07/11/2023,"$76,102.00",5,nancy.rodriguez@company.com,Austin ,,
1234,Charles Garcia,ENGINEERING,08/18/2019,131112,2,charles.garcia@company.com,new york,,
1461,robert GONZALEZ,Marketing,01/03/2021,89193,3,robert.gonzalez@company.com,Chicago,,
1463,Christopher Miller,Marketing,07/19/2018,75246,4,christopher.miller@company.com, Chicago,,
1165,Jennifer Smith,Engineering,09/10/2017,,7,JENNIFER.SMITH@COMPANY.COM,CHICAGO,,
1137,Robert Robinson,Sales ,03/07/2018,60357,4,robert.robinson@company.com,BOSTON,,
1198,Andrew Harris,finance,11/25/2024,"$97,382.00",5,andrew.harris@company.com,New York ,,
1259,Andrew Young,Fin,12/24/2019,"$116,260.00",0,andrew.young@company.com,Boston,,
1233,Betty Young,finance,08/08/2018,79947,5,betty.young@company.com,austin,,
1116,Richard Lewis,ENGINEERING,19/02/2017,90332,4,richard.lewis@company.com,San Francisco,,
1121,Barbara Walker,Sales ,05/02/2015,47111,2,barbara.walker@company.com,Chicago,,
1370,karen Davis,HR,17/11/2023,62766,5,karen.davis@company.com,SF,,
1225,Elizabeth Moore,sales,03/19/2014,90588,1,,San Fran,,
1415,robert Robinson,H.R.,03/31/2017,59951,4,robert.robinson@company.com,SF,,
1356,Robert Robinson,I.T.,19/04/2019,,,robert.robinson@company.com,San Fran,,
1128,Jane White, Marketing,20/10/2017,88924,3,jane.white@company.com,AUSTIN,,
1286,Thomas WALKER,Eng,27/11/2021,141058,4,thomas.walker@company.com,SF,,
1424,Jane Davis,operations,10/04/2017,59357,3,jane.davis@company.com,San Francisco,,
1108,Elizabeth Garcia,MARKETING,16/03/2020,85680,3,, Chicago,,
1382,Andrew JONES,H.R.,31/08/2014,83471,1,andrew.jones@company.com,Boston,,
1334,Sarah Clark,SALES,21/04/2020,,4,sarah.clark@company.com,San Fran,,
1134,Richard THOMAS,hr,26/03/2016,47899,1,richard.thomas@company.com,San Francisco,,
1375,Jane Moore,Ops,03/27/2016,76930,3,JANE.MOORE@COMPANY.COM,Chicago,,
1045,William Robinson,finance,13/10/2016,99583,2,william.robinson@company.com,Austin,,
1477,Michael Thomas,Fin,13/10/2016,72623,4,michael.thomas@company.com,San Fran,,
1066,Betty YOUNG,Information Technology,04/05/2014,93352,4,betty.young@company.com,boston,,
1284,Matthew Thomas,Engineering,08/25/2022,134004,4,matthew.thomas@company.com,new york,,
1086,Michael Lopez,Eng,04/12/2019,125097,3,michael.lopez@company.com,CHICAGO,,
1243,Jennifer Martinez,Information Technology,13/09/2014,121080,5,jennifer.martinez@company.com,Chicago,,
1187,Charles Miller,MARKETING,18/02/2022,86856,,charles.miller@company.com,new york,,
1396,John Gonzalez,IT,02/05/2024,78343,3,john.gonzalez@company.com,boston,,
1160,Daniel Gonzalez,Engineering,11/30/2020,77989,4,daniel.gonzalez@company.com,Boston,,
1013,Kevin Thompson,Operations,12/08/2015,"$71,338.00",2,kevin.thompson@company.com,austin,,
1036,James Thomas,Ops,01/08/2015,75890,3,,chicago,,
1029,Matthew Hernandez,SALES,31/07/2017,79614,1,matthew.hernandez@company.com,austin,,
1171, Andrew  Rodriguez,MARKETING,12/12/2021,,1,andrew.rodriguez@company.com,AUSTIN,,
1143,Robert Lewis,ENGINEERING,01/01/2022,"$107,914.00",5,robert.lewis@company.com,Austin,,
1411,patricia Clark,Finance,26/05/2022,56941,4,patricia.clark@company.com,SF,,
1437,Michael Harris,Fin,22/01/2017,60997,2,michael.harris@company.com,Chicago,,
1222,Joshua Gonzalez, Sales ,09/11/2021,93947,2,joshua.gonzalez@company.com, Chicago,,
1096,Jennifer Walker,HR,02/27/2022,52774,4,jennifer.walker@company.com,san francisco,,
1052,Michael Lee,Eng,06/21/2024,128390,4,michael.lee@company.com,AUSTIN,,
1241,Sarah SMITH,Finance,04/02/2022,112855,3,sarah.smith@company.com,NY,,
1384,Lisa Miller,Ops,15/08/2022,66102,2,lisa.miller@company.com,NY,,
1352,karen Anderson,ENGINEERING,15/02/2015,77355,3,karen.anderson@company.com,BOSTON,,
1391,Richard WILSON, Sales ,09/02/2022,70503,5,RICHARD.WILSON@COMPANY.COM,Boston,,
1179,Susan Hernandez,it,07/22/2021,"$122,065.00",2,susan.hernandez@company.com,san francisco,,
1042, Emily  Williams,I.T.,10/09/2023,128202,1,emily.williams@company.com,Austin ,,
1449,Elizabeth JACKSON,operations,02/27/2014,69415,5,elizabeth.jackson@company.com,Austin,,
1400,Karen White,IT,05/24/2023,105332,3,KAREN.WHITE@COMPANY.COM,CHICAGO,,
1207,thomas Hall,I.T.,30/11/2015,"$65,183.00",3,THOMAS.HALL@COMPANY.COM,Boston,,
1283,Susan Davis,Marketing,05/04/2017,85818,1,susan.davis@company.com,Boston,,
1359,Thomas Clark,Finance,24/08/2022,97264,2,thomas.clark@company.com,Boston,,
1255,jessica Miller,Engineering,09/23/2024,89126,3,jessica.miller@company.com,austin,,
1425,Daniel Thomas,H.R.,03/11/2017,61151,5,daniel.thomas@company.com,austin,,
1005,James Lee,Operations,10/10/2015,"$60,380.00",4,james.lee@company.com,san francisco,,
1257,Joshua THOMAS,finance,02/26/2019,72090,5,joshua.thomas@company.com,new york,,
1462,Susan Hernandez,Human Resources,23/01/2024,66261,5,susan.hernandez@company.com,New York,,
1101,Susan Hall,Eng,05/07/2014,86691,1,susan.hall@company.com,BOSTON,,
1227,David Miller,operations,08/07/2017,53402,7,david.miller@company.com,Austin ,,
1440,Susan Anderson,MARKETING,04/07/2015,79146,3,susan.anderson@company.com,boston,,
1214,Andrew Harris,Eng,07/04/2018,97379,3,andrew.harris@company.com,San Francisco,,
1435,Nancy Lewis,Fin,28/08/2019,78638,2,, New York,,
1172,Jane JOHNSON,Marketing,24/04/2020,,2,jane.johnson@company.com,new york,,
1099,Jennifer Harris,OPERATIONS,10/07/2018,65759,4,jennifer.harris@company.com,Chicago,,
1293,michael Jackson,Engineering,29/11/2017,124053,5,michael.jackson@company.com,boston,,
1216,Charles MARTINEZ,SALES,03/20/2023,64869,0,charles.martinez@company.com,AUSTIN,,
1062,Jessica BROWN,Sales ,05/08/2019,"$75,302.00",4,jessica.brown@company.com,San Francisco,,
1048,Robert Smith,ENGINEERING,13/02/2024,"$146,434.00",1,robert.smith@company.com,Boston,,
1033,Lisa Walker,Operations,12/31/2016,76973,5,lisa.walker@company.com,Boston,,
1268,James Lee,Sales,19/03/2021,69893,4,james.lee@company.com,san francisco,,
1328,Karen Anderson,Fin,05/26/2016,95617,2,karen.anderson@company.com,Chicago,,
1201,Matthew Thompson,MARKETING,23/06/2020,999999,2,matthew.thompson@company,San Francisco,,
1484,Barbara LEE,IT,29/12/2016,116973,1,barbara.lee@company.com, New York,,
1028, Christopher  WHITE,MARKETING,11/03/2015,79278,2,christopher.white@company.com,Chicago,,
1426,Patricia Davis, Sales ,05/02/2019,"$91,734.00",4,,New York,,
1231,Barbara Thompson,MARKETING,29/09/2021,71077,2,barbara.thompson@company.com,Boston,,
1261,Andrew Harris,sales,02/16/2020,"$82,954.00",3,andrew.harris@company.com,Boston,,
1379,John Davis,engineering,08/08/2017,111220,3,john.davis@company.com,san francisco,,
1289,Thomas Anderson,H.R.,27/11/2021,47216,,thomas.anderson@company.com,New York,,
1163,Daniel Moore,operations,05/10/2017,"$51,477.00",5,daniel.moore@company.com,AUSTIN,,
1438, Elizabeth  Garcia,Human Resources,02/29/2016,"$45,340.00",2,elizabeth.garcia@company.com,New York,,
1139,Daniel Anderson, Marketing,14/06/2014,64238,2,daniel.anderson@company.com,boston,,
1063,Thomas Williams,hr,10/11/2023,65196,2,thomas.williams@company.com,NY,,
1136,Michael Miller,Sales ,09/17/2019,"$73,767.00",3,michael.miller@company.com,san francisco,,
1129,Lisa Brown,Operations,03/04/2020,42200,4,lisa.brown@company.com,san francisco,,
1493,Kevin Robinson,Human Resources,05/01/2021,61160,1,kevin.robinson@company.com,BOSTON,,
1009,Jessica Robinson, Marketing,18/03/2019,64473,3,jessica.robinson@company.com,San Fran,,
1327,lisa Lewis,engineering,17/05/2019,95156,3,lisa.lewis@company.com,NY,,
1479,Thomas Harris,Information Technology,12/04/2016,95180,2,thomas.harris@company.com,Austin ,,
1065,Sarah White,Ops,31/07/2019,65948,5,sarah.white@company.com,Boston,,
1301,John Jones,hr,15/05/2015,78143,3,john.jones@company.com,new york,,
1015,Michael Young,I.T.,08/30/2023,119634,1,michael.young@company.com,AUSTIN,,
1157,Barbara Lopez,HR,07/28/2017,72103,5,barbara.lopez@company.com,boston,,
1041,Karen Johnson,FINANCE,23/04/2018,76503,5,karen.johnson@company.com,Austin,,
1380,Michael GONZALEZ,HR,03/15/2017,46026,3,michael.gonzalez@company.com,BOSTON,,
1474,Betty Rodriguez,HR,10/05/2019,69951,4,betty.rodriguez@company.com,Austin ,,
1416,Jane Wilson,I.T.,01/11/2023,106636,4,jane.wilson@company.com,BOSTON,,
1217,Betty Taylor,ENGINEERING,20/08/2021,72009,0,betty.taylor@company.com,Austin,,
1280,Christopher Jones,hr,10/07/2016,68080,,christopher.jones@company.com,San Fran,,
1448,Daniel Jackson,Human Resources,02/02/2016,73244,4,daniel.jackson@company.com,boston,,
1487,James Lee,operations,21/05/2017,59644,3,JAMES.LEE@COMPANY.COM,CHICAGO,,
1338,Linda Robinson,Fin,24/03/2015,85080,5,linda.robinson@company.com,new york,,
1237,Elizabeth Martinez,Sales,28/04/2024,65212,2,,San Francisco,,
1208,john Hernandez,SALES,18/11/2019,49769,1,john.hernandez@company.com,AUSTIN,,
1213,Charles Brown,H.R.,08/06/2023,"$76,417.00",2,charles.brown@company.com,san francisco,,
1296,Daniel White,Ops,24/06/2024,44454,2,DANIEL.WHITE@COMPANY.COM, Chicago,,
1471,Mary Clark,IT,01/26/2015,91816,3,mary.clark@company.com,New York ,,
1252,Daniel Anderson,IT,11/23/2019,"$65,992.00",,daniel.anderson@company.com,Austin ,,
1064,Barbara Young,engineering,17/06/2017,72853,2,barbara.young@company.com,San Francisco,,
1472,Thomas Robinson,it,27/01/2016,128302,2,thomas.robinson@company.com,Austin ,,
1304,Matthew Smith,marketing,02/03/2020,53961,,matthew.smith@company.com,NY,,
1351,William Thomas,Information Technology,08/04/2014,122390,3,william.thomas@company.com,Austin ,,
1270,Nancy Hernandez,marketing,10/10/2021,"$66,104.00",3,nancy.hernandez@company.com,Austin,,
1202,William Miller,operations,21/07/2016,46059,,william.miller@company.com,new york,,
1162, Kevin  Robinson,Sales ,14/06/2023,83775,3,kevin.robinson@company.com,San Francisco,,
1044,Linda Wilson,Information Technology,09/09/2018,75235,1,linda.wilson@company.com,Boston,,
1218,Sarah Martinez,I.T.,19/09/2016,87762,3,sarah.martinez@company.com,BOSTON,,
1402,thomas Walker,operations,22/06/2024,"$46,401.00",5,thomas.walker@company.com,NY,,
1191,John WILSON,Sales ,20/04/2014,79733,1,john.wilson@company.com,San Francisco,,
1310,Nancy Brown,sales,14/11/2017,81152,1,nancy.brown@company,Chicago,,
1260,barbara Lewis,Ops,03/11/2017,78275,2,barbara.lewis@company.com,NY,,
1106,Matthew Lewis,Marketing,08/03/2016,69553,5,matthew.lewis@company.com,BOSTON,,
1054,Sarah Garcia,FINANCE,02/01/2022,84716,3,sarah.garcia@company.com,Austin,,
1390,Nancy Anderson,HR,14/04/2022,82138,1,NANCY.ANDERSON@COMPANY.COM,CHICAGO,,
1002,Sarah Martinez,finance,26/10/2014,65467,2,sarah.martinez@company.com,San Francisco,,
1455,Daniel JONES,it,25/07/2021,63442,4,daniel.jones@company.com,san francisco,,
1499,Joshua Thomas,hr,30/04/2015,,2,joshua.thomas@company.com,Boston,,
1050,William CLARK,H.R.,15/02/2023,50959,1,william.clark@company.com,san francisco,,
1420,Jane Moore,Finance,05/15/2020,67172,1,,Austin,,
1081,Jane Hall,hr,13/09/2020,63814,3,jane.hall@company.com,CHICAGO,,
1206,Emily Thompson,Sales ,22/05/2019,69718,4,emily.thompson@company.com,BOSTON,,
1035,Daniel Taylor,Sales,12/10/2016,"$49,047.00",1,daniel.taylor@company.com,NY,,
1431,emily Gonzalez,Marketing,22/12/2023,,4,emily.gonzalez@company.com,austin,,
1264,Susan Williams,Operations,29/08/2022,"$49,988.00",4,susan.williams@company.com, New York,,
1428,Betty Wilson,Operations,04/02/2020,45376,3,betty.wilson@company.com,Chicago,,
1367, Betty  Williams,it,25/07/2018,87710,2,betty.williams@company,BOSTON,,
1092,James Lopez,ENGINEERING,01/11/2018,80518,5,james.lopez@company.com,SF,,
1340,Thomas Young,Sales,04/23/2022,"$60,938.00",5,thomas.young@company.com,Austin,,
1489,Betty Clark,I.T.,08/02/2022,70082,3,betty.clark@company.com,Austin ,,
1053,Richard Rodriguez,Sales,06/24/2020,48646,2,richard.rodriguez@company.com,BOSTON,,
1346,Matthew Anderson,Finance,25/02/2024,61127,3,matthew.anderson@company.com,chicago,,
1265,patricia Martinez,Marketing,24/09/2023,"$62,857.00",5,patricia.martinez@company,CHICAGO,,
1242,Betty MARTINEZ,finance,02/27/2022,87589,2,betty.martinez@company.com,Austin,,
1014,barbara Brown,sales,04/07/2017,55039,4,,boston,,
1316,Susan White,Operations,22/06/2014,"$58,005.00",2,susan.white@company.com,CHICAGO,,
1089,Nancy Davis, Marketing,03/02/2014,79395,1,nancy.davis@company.com, Chicago,,
1388,Patricia Hernandez,FINANCE,08/09/2016,91959,2,PATRICIA.HERNANDEZ@COMPANY.COM,San Fran,,
1274,betty Davis,MARKETING,27/02/2016,72122,4,BETTY.DAVIS@COMPANY.COM,Chicago,,
1167,David Young,Ops,16/04/2023,43072,,david.young@company.com,BOSTON,,
1329,Patricia Thompson,Finance,07/04/2016,"$89,501.00",4,patricia.thompson@company, Chicago,,
1306,Lisa Clark, Marketing,01/18/2024,"$81,972.00",4,lisa.clark@company.com,boston,,
1135,James Davis,Information Technology,10/03/2020,112725,3,james.davis@company.com,AUSTIN,,
1307,Michael Walker,Eng,28/12/2024,72061,5,michael.walker@company.com,boston,,
1497,Emily Davis,it,12/09/2014,"$85,630.00",3,emily.davis@company.com,BOSTON,,
1320,David Moore,H.R.,20/11/2014,73218,4,david.moore@company.com,Boston,,
1244,kevin Miller,Fin,30/11/2021,"$61,462.00",1,kevin.miller@company.com,SF,,
1055,Jennifer Harris,Operations,04/07/2017,48647,1,jennifer.harris@company,SF,,
1364,Thomas Davis,Finance,19/12/2024,"$115,237.00",1,thomas.davis@company.com,Boston,,
1051,Sarah Jones,OPERATIONS,03/09/2017,73447,1,sarah.jones@company.com, Chicago,,
1470,Matthew Rodriguez,ENGINEERING,04/07/2021,143339,1,matthew.rodriguez@company.com,AUSTIN,,
1175,David Wilson,hr,24/02/2023,54779,5,david.wilson@company.com,San Fran,,
1446, Daniel  Hall,it,19/11/2016,71442,2,daniel.hall@company.com,SF,,
1190,Nancy White,Eng,01/21/2021,143044,1,nancy.white@company.com, Chicago,,
1485,Robert WILLIAMS,Finance,09/12/2024,73085,4,robert.williams@company.com, New York,,
1464,William Anderson,Fin,11/04/2023,55808,5,william.anderson@company.com,san francisco,,
1188,James Rodriguez,Eng,13/10/2023,124090,3,james.rodriguez@company.com,BOSTON,,
1170,Michael JACKSON,Ops,30/06/2019,"$64,979.00",3,michael.jackson@company.com,NY,,
1059,James Wilson,HR,03/08/2019,"$81,956.00",,james.wilson@company.com,chicago,,
1475,Andrew Robinson,Engineering,18/08/2017,92216,3,andrew.robinson@company.com,AUSTIN,,
1049,Andrew Hernandez,Finance,17/10/2015,87035,4,andrew.hernandez@company.com,austin,,
1345,Matthew Moore,it,07/06/2021,64152,4,,BOSTON,,
1236,John Jackson,Marketing,09/11/2020,73544,5,john.jackson@company.com,Austin,,
1253,Michael Anderson,FINANCE,03/24/2018,91865,2,michael.anderson@company.com,Austin,,
1022,Lisa Moore,Engineering,22/06/2018,98627,1,lisa.moore@company.com,BOSTON,,
1314,Lisa Garcia,engineering,08/23/2015,139391,4,lisa.garcia@company.com,Chicago,,
1460,James Rodriguez,FINANCE,08/08/2023,94120,1,james.rodriguez@company.com,Austin ,,
1161, Linda  Thompson, Marketing,04/17/2022,86485,,linda.thompson@company,san francisco,,
1277,Jessica Davis,hr,16/02/2017,"$77,151.00",5,jessica.davis@company.com,San Fran,,
1444,Sarah MOORE,Sales,02/23/2019,51699,4,sarah.moore@company.com,Austin ,,
1192,Susan Smith,Operations,09/10/2020,"$48,787.00",2,SUSAN.SMITH@COMPANY.COM,Boston,,
1386,Linda Wilson,I.T.,25/04/2021,"$99,226.00",4,linda.wilson@company.com,Chicago,,
1294,William Miller,it,14/04/2020,"$78,021.00",2,william.miller@company.com,AUSTIN,,
1414,Mary YOUNG,Operations,21/05/2024,72152,5,mary.young@company.com,San Francisco,,
1492,Michael Miller,Fin,07/12/2016,116880,5,michael.miller@company.com,NY,,
1344,susan Hall,I.T.,27/07/2014,70566,1,susan.hall@company.com,new york,,
1258,Michael Lewis,Sales,03/25/2024,81261,3,michael.lewis@company.com,Boston,,
1309,Jane Young,MARKETING,03/07/2023,,4,jane.young@company.com,boston,,
1150,Thomas Gonzalez,Eng,10/19/2020,112030,,,Boston,,
1131,Jane Walker,Operations,06/02/2018,"$79,176.00",5,jane.walker@company,Boston,,
1152,james Rodriguez,Ops,13/10/2019,59776,4,james.rodriguez@company.com,chicago,,
1360,David Clark,operations,18/07/2015,61710,1,david.clark@company.com,Austin ,,
1100,Robert JONES,hr,02/07/2018,79658,4,robert.jones@company.com,Austin ,,
1373,Barbara Hernandez,ENGINEERING,05/10/2019,106749,1,,BOSTON,,
1088,lisa Thompson,it,08/01/2020,110132,2,lisa.thompson@company.com,San Fran,,
1459,Betty Johnson,hr,11/07/2020,51099,4,betty.johnson@company.com,CHICAGO,,
1331,Linda Moore,Human Resources,01/16/2020,68228,1,linda.moore@company.com,BOSTON,,
1215,emily Young,MARKETING,29/08/2015,71821,1,emily.young@company.com,AUSTIN,,
1467,Richard Clark,marketing,09/05/2017,75414,3,richard.clark@company.com,san francisco,,
1122,Lisa Harris,marketing,12/06/2015,77475,2,lisa.harris@company.com,new york,,
1157,Barbara Lopez,HR,07/28/2017,72103,5,barbara.lopez@company.com,boston,,
1021,Robert Harris,Sales,09/12/2024,"$80,226.00",4,robert.harris@company.com,NY,,
1189,Barbara Johnson,MARKETING,09/19/2021,77296,0,barbara.johnson@company.com,Austin,,
,matthew Jackson,OPERATIONS,11/03/2024,67767,5,matthew.jackson@company.com,Chicago,,
1107,Michael Lewis,hr,24/01/2018,75343,3,michael.lewis@company.com,AUSTIN,,
1271,Elizabeth Williams, Marketing,18/12/2016,82722,5,elizabeth.williams@company.com, Chicago,,
1436,Emily GONZALEZ,Sales,04/02/2019,51982,3,emily.gonzalez@company.com,San Fran,,
1103, Christopher  Davis,HR,07/29/2014,59594,,CHRISTOPHER.DAVIS@COMPANY.COM,San Fran,,
